URL;Тип;Заголовок;Интент;Родитель;Индексируется;Статус;Этап;Шаблон;Примечание
/;Главная;Главная;;;да;published;;home;
/prices/;Цены;Цены;;;да;published;;prices;
/calculator/;Инструмент;Калькулятор;;;да;published;;calculator;
/measurement/;Услуга;"Бесплатный замер";;;да;published;;measurement;
/services/;"Хаб раздела";Услуги;;;да;published;;hub;
/ceilings/;"Хаб раздела";"Виды полотен";;;да;published;;hub;
/systems/;"Хаб раздела";Конструкции;;;да;published;;hub;
/lighting/;"Хаб раздела";Освещение;;;да;published;;hub;
/rooms/;"Хаб раздела";"Решения по помещениям";;;да;published;;hub;
/portfolio/;"Хаб раздела";Работы;;;да;published;;portfolio;
/blog/;"Хаб раздела";"Полезные материалы";;;да;published;;blog-index;
/about/;Страница;"О компании";;;да;published;;about;
/contacts/;Страница;Контакты;;;да;published;;contacts;
/faq/;Страница;"Вопросы и ответы";;;да;published;;faq;
/guarantees/;Страница;"Гарантии и документы";;;да;published;;guarantees;
/payment/;Страница;Оплата;;;да;published;;payment;
/geography/;"Хаб раздела";"Где мы работаем";;;да;published;;geo-hub-all;
/sitemap/;Страница;"Карта сайта";;;да;published;;sitemap-html;
/thanks/;Служебная;"Заявка принята";;;нет;published;;thanks;"служебная страница"
/services/ustanovka/;Услуга;"Установка натяжных потолков";;;да;published;;service;
/services/remont/;Услуга;"Ремонт натяжных потолков";;;да;published;;service;
/services/sliv-vody/;Услуга;"Слив воды после затопления";;;да;published;;service;
/services/vizualizaciya/;Услуга;"Визуализация потолка и освещения";;;да;published;;service;
/services/demontazh/;Услуга;"Демонтаж старого потолка";;;да;published;;service;
/ceilings/matovye/;Полотно;"Матовые ПВХ-потолки";"матовые пвх-потолки — цена и монтаж";;да;published;;catalog-item;
/ceilings/glyancevye/;Полотно;"Глянцевые ПВХ-потолки";"глянцевые пвх-потолки — цена и монтаж";;да;published;;catalog-item;
/ceilings/satinovye/;Полотно;"Сатиновые ПВХ-потолки";"сатиновые пвх-потолки — цена и монтаж";;да;published;;catalog-item;
/ceilings/tkanevye/;Полотно;"Тканевые натяжные потолки";"тканевые натяжные потолки — цена и монтаж";;да;published;;catalog-item;
/ceilings/bez-nagreva/;Полотно;"Монтаж без нагрева (Cold Stretch)";"монтаж без нагрева (cold stretch) — цена и монтаж";;да;published;;catalog-item;
/ceilings/cvetnye/;Полотно;"Цветные натяжные потолки";"цветные натяжные потолки — цена и монтаж";;да;published;;catalog-item;
/ceilings/fakturnye/;Полотно;"Фактурные потолки: под дерево, бетон, ткань";"фактурные потолки: под дерево, бетон, ткань — цена и монтаж";;да;published;;catalog-item;
/ceilings/s-fotopechatyu/;Полотно;"Потолки с фотопечатью";"потолки с фотопечатью — цена и монтаж";;да;published;;catalog-item;
/systems/standartnoe-primykanie/;Конструкция;"Стандартное примыкание";"стандартное примыкание — цена и монтаж";;да;published;;catalog-item;
/systems/teneviye/;Конструкция;"Теневые потолки";"теневые потолки — цена и монтаж";;да;published;;catalog-item;
/systems/besshelevye/;Конструкция;"Бесщелевые потолки";"бесщелевые потолки — цена и монтаж";;да;published;;catalog-item;
/systems/paryashchie/;Конструкция;"Парящие потолки";"парящие потолки — цена и монтаж";;да;published;;catalog-item;
/systems/konturnye/;Конструкция;"Контурные потолки";"контурные потолки — цена и монтаж";;да;published;;catalog-item;
/systems/dvuhurovnevye/;Конструкция;"Двухуровневые потолки";"двухуровневые потолки — цена и монтаж";;да;published;;catalog-item;
/systems/skrytyj-karniz/;Конструкция;"Скрытый карниз (ниша под шторы)";"скрытый карниз (ниша под шторы) — цена и монтаж";;да;published;;catalog-item;
/systems/elektrokarniz/;Конструкция;Электрокарнизы;"электрокарнизы — цена и монтаж";;да;published;;catalog-item;
/systems/ventilyaciya/;Конструкция;"Вентиляционные решётки и диффузоры";"вентиляционные решётки и диффузоры — цена и монтаж";;да;published;;catalog-item;
/systems/revizionnye-lyuki/;Конструкция;"Ревизионные люки";"ревизионные люки — цена и монтаж";;да;published;;catalog-item;
/systems/obhod-konstrukcij/;Конструкция;"Обход труб, шкафов и сложных конструкций";"обход труб, шкафов и сложных конструкций — цена и монтаж";;да;published;;catalog-item;
/lighting/svetovye-linii/;Освещение;"Световые линии";"световые линии — цена и монтаж";;да;published;;catalog-item;
/lighting/treki/;Освещение;"Трековые системы";"трековые системы — цена и монтаж";;да;published;;catalog-item;
/lighting/tochechnye-svetilniki/;Освещение;"Точечные светильники";"точечные светильники — цена и монтаж";;да;published;;catalog-item;
/lighting/skrytaya-podsvetka/;Освещение;"Скрытая подсветка";"скрытая подсветка — цена и монтаж";;да;published;;catalog-item;
/lighting/svetovoj-potolok/;Освещение;"Световой потолок и лайтбокс";"световой потолок и лайтбокс — цена и монтаж";;да;published;;catalog-item;
/rooms/dlya-kuhni/;Помещение;"Натяжные потолки для кухни";"натяжные потолки для кухни";;да;published;;catalog-item;
/rooms/dlya-vannoj/;Помещение;"Натяжные потолки для ванной";"натяжные потолки для ванной";;да;published;;catalog-item;
/rooms/dlya-spalni/;Помещение;"Натяжные потолки для спальни";"натяжные потолки для спальни";;да;published;;catalog-item;
/rooms/dlya-detskoj/;Помещение;"Натяжные потолки для детской";"натяжные потолки для детской";;да;published;;catalog-item;
/rooms/dlya-gostinoj/;Помещение;"Натяжные потолки для гостиной";"натяжные потолки для гостиной";;да;published;;catalog-item;
/rooms/dlya-koridora/;Помещение;"Натяжные потолки для коридора и прихожей";"натяжные потолки для коридора и прихожей";;да;published;;catalog-item;
/rooms/dlya-balkona/;Помещение;"Натяжные потолки для балкона и лоджии";"натяжные потолки для балкона и лоджии";;да;published;;catalog-item;
/rooms/dlya-kvartiry/;Помещение;"Натяжные потолки для квартиры под ключ";"натяжные потолки для квартиры под ключ";;да;published;;catalog-item;
/rooms/dlya-doma/;Помещение;"Натяжные потолки для загородного дома";"натяжные потолки для загородного дома";;да;published;;catalog-item;
/rooms/dlya-ofisa/;Помещение;"Натяжные потолки для офиса";"натяжные потолки для офиса";;да;published;;catalog-item;
/rooms/dlya-magazina/;Помещение;"Натяжные потолки для магазина и салона";"натяжные потолки для магазина и салона";;да;published;;catalog-item;
/blog/kak-vybrat-material/;Статья;"Как выбрать материал натяжного потолка";информационный;;да;published;;blog-post;
/blog/chto-vhodit-v-cenu/;Статья;"Что входит в цену натяжного потолка под ключ";информационный;;да;published;;blog-post;
/blog/pvh-ili-tkan/;Статья;"ПВХ или ткань: честное сравнение";информационный;;да;published;;blog-post;
/blog/matovyj-glyancevyj-satinovyj/;Статья;"Матовый, глянцевый или сатиновый: как выбрать фактуру";информационный;;да;published;;blog-post;
/blog/kogda-ustanavlivat/;Статья;"На каком этапе ремонта устанавливать натяжной потолок";информационный;;да;published;;blog-post;
/blog/naskolko-opuskaetsya/;Статья;"Насколько опускается натяжной потолок";информационный;;да;published;;blog-post;
/blog/sroki-ustanovki/;Статья;"Сроки: сколько занимает натяжной потолок от заявки до сдачи";информационный;;да;published;;blog-post;
/blog/zapah-posle-montazha/;Статья;"Запах после монтажа: откуда берётся и когда проходит";информационный;;да;published;;blog-post;
/blog/bezopasnost-nagreva/;Статья;"Нагрев при монтаже: что убрать и чего бояться не нужно";информационный;;да;published;;blog-post;
/blog/posle-zatopleniya/;Статья;"Затопили соседи: что делать с натяжным потолком";информационный;;да;published;;blog-post;
/blog/uhod-za-polotnom/;Статья;"Как ухаживать за натяжным потолком";информационный;;да;published;;blog-post;
/blog/kak-vybrat-svetilniki/;Статья;"Как выбрать светильники и треки для натяжного потолка";информационный;;да;published;;blog-post;
/blog/skrytyj-karniz-varianty/;Статья;"Скрытый карниз: варианты, ограничения, что решить заранее";информационный;;да;published;;blog-post;
/blog/tenevoj-ili-besshelevoj/;Статья;"Теневой или бесщелевой профиль: что выбрать";информационный;;да;published;;blog-post;
/blog/primery-rascheta/;Статья;"Примеры расчёта для комнат разной площади";информационный;;да;published;;blog-post;
/moskva/okruga/;Гео-хаб;"Округа Москвы";;;да;published;;geo-hub;
/moskva/rajony/;Гео-хаб;"Районы Москвы";;;да;published;;geo-hub;
/moskovskaya-oblast/goroda/;Гео-хаб;"Города Московской области";;;да;published;;geo-hub;
/moskva/;Москва;"Натяжные потолки в Москве";"натяжные потолки в Москве";;да;published;1;geo;
/moskovskaya-oblast/;Область;"Натяжные потолки в Московской области";"натяжные потолки в Московской области";;да;published;1;geo;
/moskva/okruga/cao/;Округ;"Натяжные потолки в ЦАО";"натяжные потолки в ЦАО";moskva;да;published;1;geo;
/moskva/okruga/sao/;Округ;"Натяжные потолки в САО";"натяжные потолки в САО";moskva;да;published;1;geo;
/moskva/okruga/svao/;Округ;"Натяжные потолки в СВАО";"натяжные потолки в СВАО";moskva;да;published;1;geo;
/moskva/okruga/vao/;Округ;"Натяжные потолки в ВАО";"натяжные потолки в ВАО";moskva;да;published;1;geo;
/moskva/okruga/yuvao/;Округ;"Натяжные потолки в ЮВАО";"натяжные потолки в ЮВАО";moskva;да;published;1;geo;
/moskva/okruga/yuao/;Округ;"Натяжные потолки в ЮАО";"натяжные потолки в ЮАО";moskva;да;published;1;geo;
/moskva/okruga/yuzao/;Округ;"Натяжные потолки в ЮЗАО";"натяжные потолки в ЮЗАО";moskva;да;published;1;geo;
/moskva/okruga/zao/;Округ;"Натяжные потолки в ЗАО";"натяжные потолки в ЗАО";moskva;да;published;1;geo;
/moskva/okruga/szao/;Округ;"Натяжные потолки в СЗАО";"натяжные потолки в СЗАО";moskva;да;published;1;geo;
/moskva/okruga/zelao/;Округ;"Натяжные потолки в Зеленограде";"натяжные потолки в Зеленограде";moskva;да;published;1;geo;
/moskva/okruga/nao/;Округ;"Натяжные потолки в Новомосковском округе";"натяжные потолки в Новомосковском округе";moskva;да;published;1;geo;
/moskva/okruga/tao/;Округ;"Натяжные потолки в Троицком округе";"натяжные потолки в Троицком округе";moskva;да;published;1;geo;
/moskva/rajony/arbat/;Район;"Натяжные потолки в районе Арбат";"натяжные потолки в районе Арбат";cao;нет;draft;2;geo;"требует наполнения: вступление короче 180 символов, вступление выглядит шаблонным (текст-заглушка), меньше 2 локальных вопросов, меньше 2 фактов о застройке"
/moskva/rajony/basmannyj/;Район;"Натяжные потолки в районе Басманный";"натяжные потолки в районе Басманный";cao;нет;draft;2;geo;"требует наполнения: вступление короче 180 символов, вступление выглядит шаблонным (текст-заглушка), меньше 2 локальных вопросов, меньше 2 фактов о застройке"
/moskva/rajony/zamoskvoreche/;Район;"Натяжные потолки в районе Замоскворечье";"натяжные потолки в районе Замоскворечье";cao;нет;draft;2;geo;"требует наполнения: вступление короче 180 символов, вступление выглядит шаблонным (текст-заглушка), меньше 2 локальных вопросов, меньше 2 фактов о застройке"
/moskva/rajony/krasnoselskij/;Район;"Натяжные потолки в районе Красносельский";"натяжные потолки в районе Красносельский";cao;нет;draft;2;geo;"требует наполнения: вступление короче 180 символов, вступление выглядит шаблонным (текст-заглушка), меньше 2 локальных вопросов, меньше 2 фактов о застройке"
/moskva/rajony/meshchanskij/;Район;"Натяжные потолки в районе Мещанский";"натяжные потолки в районе Мещанский";cao;нет;draft;2;geo;"требует наполнения: вступление короче 180 символов, вступление выглядит шаблонным (текст-заглушка), меньше 2 локальных вопросов, меньше 2 фактов о застройке"
/moskva/rajony/presnenskij/;Район;"Натяжные потолки в районе Пресненский";"натяжные потолки в районе Пресненский";cao;нет;draft;2;geo;"требует наполнения: вступление короче 180 символов, вступление выглядит шаблонным (текст-заглушка), меньше 2 локальных вопросов, меньше 2 фактов о застройке"
/moskva/rajony/taganskij/;Район;"Натяжные потолки в районе Таганский";"натяжные потолки в районе Таганский";cao;нет;draft;2;geo;"требует наполнения: вступление короче 180 символов, вступление выглядит шаблонным (текст-заглушка), меньше 2 локальных вопросов, меньше 2 фактов о застройке"
/moskva/rajony/tverskoj/;Район;"Натяжные потолки в районе Тверской";"натяжные потолки в районе Тверской";cao;нет;draft;2;geo;"требует наполнения: вступление короче 180 символов, вступление выглядит шаблонным (текст-заглушка), меньше 2 локальных вопросов, меньше 2 фактов о застройке"
/moskva/rajony/hamovniki/;Район;"Натяжные потолки в районе Хамовники";"натяжные потолки в районе Хамовники";cao;нет;draft;2;geo;"требует наполнения: вступление короче 180 символов, вступление выглядит шаблонным (текст-заглушка), меньше 2 локальных вопросов, меньше 2 фактов о застройке"
/moskva/rajony/yakimanka/;Район;"Натяжные потолки в районе Якиманка";"натяжные потолки в районе Якиманка";cao;нет;draft;2;geo;"требует наполнения: вступление короче 180 символов, вступление выглядит шаблонным (текст-заглушка), меньше 2 локальных вопросов, меньше 2 фактов о застройке"
/moskva/rajony/aeroport/;Район;"Натяжные потолки в районе Аэропорт";"натяжные потолки в районе Аэропорт";sao;нет;draft;2;geo;"требует наполнения: вступление короче 180 символов, вступление выглядит шаблонным (текст-заглушка), меньше 2 локальных вопросов, меньше 2 фактов о застройке"
/moskva/rajony/begovoj/;Район;"Натяжные потолки в районе Беговой";"натяжные потолки в районе Беговой";sao;нет;draft;2;geo;"требует наполнения: вступление короче 180 символов, вступление выглядит шаблонным (текст-заглушка), меньше 2 локальных вопросов, меньше 2 фактов о застройке"
/moskva/rajony/beskudnikovskij/;Район;"Натяжные потолки в районе Бескудниковский";"натяжные потолки в районе Бескудниковский";sao;нет;draft;2;geo;"требует наполнения: вступление короче 180 символов, вступление выглядит шаблонным (текст-заглушка), меньше 2 локальных вопросов, меньше 2 фактов о застройке"
/moskva/rajony/vojkovskij/;Район;"Натяжные потолки в районе Войковский";"натяжные потолки в районе Войковский";sao;нет;draft;2;geo;"требует наполнения: вступление короче 180 символов, вступление выглядит шаблонным (текст-заглушка), меньше 2 локальных вопросов, меньше 2 фактов о застройке"
/moskva/rajony/golovinskij/;Район;"Натяжные потолки в районе Головинский";"натяжные потолки в районе Головинский";sao;нет;draft;2;geo;"требует наполнения: вступление короче 180 символов, вступление выглядит шаблонным (текст-заглушка), меньше 2 локальных вопросов, меньше 2 фактов о застройке"
/moskva/rajony/vostochnoe-degunino/;Район;"Натяжные потолки в районе Восточное Дегунино";"натяжные потолки в районе Восточное Дегунино";sao;нет;draft;2;geo;"требует наполнения: вступление короче 180 символов, вступление выглядит шаблонным (текст-заглушка), меньше 2 локальных вопросов, меньше 2 фактов о застройке"
/moskva/rajony/zapadnoe-degunino/;Район;"Натяжные потолки в районе Западное Дегунино";"натяжные потолки в районе Западное Дегунино";sao;нет;draft;2;geo;"требует наполнения: вступление короче 180 символов, вступление выглядит шаблонным (текст-заглушка), меньше 2 локальных вопросов, меньше 2 фактов о застройке"
/moskva/rajony/dmitrovskij/;Район;"Натяжные потолки в районе Дмитровский";"натяжные потолки в районе Дмитровский";sao;нет;draft;2;geo;"требует наполнения: вступление короче 180 символов, вступление выглядит шаблонным (текст-заглушка), меньше 2 локальных вопросов, меньше 2 фактов о застройке"
/moskva/rajony/koptevo/;Район;"Натяжные потолки в районе Коптево";"натяжные потолки в районе Коптево";sao;нет;draft;2;geo;"требует наполнения: вступление короче 180 символов, вступление выглядит шаблонным (текст-заглушка), меньше 2 локальных вопросов, меньше 2 фактов о застройке"
/moskva/rajony/levoberezhnyj/;Район;"Натяжные потолки в районе Левобережный";"натяжные потолки в районе Левобережный";sao;нет;draft;2;geo;"требует наполнения: вступление короче 180 символов, вступление выглядит шаблонным (текст-заглушка), меньше 2 локальных вопросов, меньше 2 фактов о застройке"
/moskva/rajony/molzhaninovskij/;Район;"Натяжные потолки в районе Молжаниновский";"натяжные потолки в районе Молжаниновский";sao;нет;draft;2;geo;"требует наполнения: вступление короче 180 символов, вступление выглядит шаблонным (текст-заглушка), меньше 2 локальных вопросов, меньше 2 фактов о застройке"
/moskva/rajony/savyolovskij/;Район;"Натяжные потолки в районе Савёловский";"натяжные потолки в районе Савёловский";sao;нет;draft;2;geo;"требует наполнения: вступление короче 180 символов, вступление выглядит шаблонным (текст-заглушка), меньше 2 локальных вопросов, меньше 2 фактов о застройке"
/moskva/rajony/sokol/;Район;"Натяжные потолки в районе Сокол";"натяжные потолки в районе Сокол";sao;нет;draft;2;geo;"требует наполнения: вступление короче 180 символов, вступление выглядит шаблонным (текст-заглушка), меньше 2 локальных вопросов, меньше 2 фактов о застройке"
/moskva/rajony/timiryazevskij/;Район;"Натяжные потолки в районе Тимирязевский";"натяжные потолки в районе Тимирязевский";sao;нет;draft;2;geo;"требует наполнения: вступление короче 180 символов, вступление выглядит шаблонным (текст-заглушка), меньше 2 локальных вопросов, меньше 2 фактов о застройке"
/moskva/rajony/hovrino/;Район;"Натяжные потолки в районе Ховрино";"натяжные потолки в районе Ховрино";sao;нет;draft;2;geo;"требует наполнения: вступление короче 180 символов, вступление выглядит шаблонным (текст-заглушка), меньше 2 локальных вопросов, меньше 2 фактов о застройке"
/moskva/rajony/horoshyovskij/;Район;"Натяжные потолки в районе Хорошёвский";"натяжные потолки в районе Хорошёвский";sao;нет;draft;2;geo;"требует наполнения: вступление короче 180 символов, вступление выглядит шаблонным (текст-заглушка), меньше 2 локальных вопросов, меньше 2 фактов о застройке"
/moskva/rajony/alekseevskij/;Район;"Натяжные потолки в районе Алексеевский";"натяжные потолки в районе Алексеевский";svao;нет;draft;2;geo;"требует наполнения: вступление короче 180 символов, вступление выглядит шаблонным (текст-заглушка), меньше 2 локальных вопросов, меньше 2 фактов о застройке"
/moskva/rajony/altufevskij/;Район;"Натяжные потолки в районе Алтуфьевский";"натяжные потолки в районе Алтуфьевский";svao;нет;draft;2;geo;"требует наполнения: вступление короче 180 символов, вступление выглядит шаблонным (текст-заглушка), меньше 2 локальных вопросов, меньше 2 фактов о застройке"
/moskva/rajony/babushkinskij/;Район;"Натяжные потолки в районе Бабушкинский";"натяжные потолки в районе Бабушкинский";svao;нет;draft;2;geo;"требует наполнения: вступление короче 180 символов, вступление выглядит шаблонным (текст-заглушка), меньше 2 локальных вопросов, меньше 2 фактов о застройке"
/moskva/rajony/bibirevo/;Район;"Натяжные потолки в районе Бибирево";"натяжные потолки в районе Бибирево";svao;нет;draft;2;geo;"требует наполнения: вступление короче 180 символов, вступление выглядит шаблонным (текст-заглушка), меньше 2 локальных вопросов, меньше 2 фактов о застройке"
/moskva/rajony/butyrskij/;Район;"Натяжные потолки в районе Бутырский";"натяжные потолки в районе Бутырский";svao;нет;draft;2;geo;"требует наполнения: вступление короче 180 символов, вступление выглядит шаблонным (текст-заглушка), меньше 2 локальных вопросов, меньше 2 фактов о застройке"
/moskva/rajony/lianozovo/;Район;"Натяжные потолки в районе Лианозово";"натяжные потолки в районе Лианозово";svao;нет;draft;2;geo;"требует наполнения: вступление короче 180 символов, вступление выглядит шаблонным (текст-заглушка), меньше 2 локальных вопросов, меньше 2 фактов о застройке"
/moskva/rajony/losinoostrovskij/;Район;"Натяжные потолки в районе Лосиноостровский";"натяжные потолки в районе Лосиноостровский";svao;нет;draft;2;geo;"требует наполнения: вступление короче 180 символов, вступление выглядит шаблонным (текст-заглушка), меньше 2 локальных вопросов, меньше 2 фактов о застройке"
/moskva/rajony/marfino/;Район;"Натяжные потолки в районе Марфино";"натяжные потолки в районе Марфино";svao;нет;draft;2;geo;"требует наполнения: вступление короче 180 символов, вступление выглядит шаблонным (текст-заглушка), меньше 2 локальных вопросов, меньше 2 фактов о застройке"
/moskva/rajony/marina-roshcha/;Район;"Натяжные потолки в районе Марьина Роща";"натяжные потолки в районе Марьина Роща";svao;нет;draft;2;geo;"требует наполнения: вступление короче 180 символов, вступление выглядит шаблонным (текст-заглушка), меньше 2 локальных вопросов, меньше 2 фактов о застройке"
/moskva/rajony/severnoe-medvedkovo/;Район;"Натяжные потолки в районе Северное Медведково";"натяжные потолки в районе Северное Медведково";svao;нет;draft;2;geo;"требует наполнения: вступление короче 180 символов, вступление выглядит шаблонным (текст-заглушка), меньше 2 локальных вопросов, меньше 2 фактов о застройке"
/moskva/rajony/yuzhnoe-medvedkovo/;Район;"Натяжные потолки в районе Южное Медведково";"натяжные потолки в районе Южное Медведково";svao;нет;draft;2;geo;"требует наполнения: вступление короче 180 символов, вступление выглядит шаблонным (текст-заглушка), меньше 2 локальных вопросов, меньше 2 фактов о застройке"
/moskva/rajony/ostankinskij/;Район;"Натяжные потолки в районе Останкинский";"натяжные потолки в районе Останкинский";svao;нет;draft;2;geo;"требует наполнения: вступление короче 180 символов, вступление выглядит шаблонным (текст-заглушка), меньше 2 локальных вопросов, меньше 2 фактов о застройке"
/moskva/rajony/otradnoe/;Район;"Натяжные потолки в районе Отрадное";"натяжные потолки в районе Отрадное";svao;нет;draft;2;geo;"требует наполнения: вступление короче 180 символов, вступление выглядит шаблонным (текст-заглушка), меньше 2 локальных вопросов, меньше 2 фактов о застройке"
/moskva/rajony/rostokino/;Район;"Натяжные потолки в районе Ростокино";"натяжные потолки в районе Ростокино";svao;нет;draft;2;geo;"требует наполнения: вступление короче 180 символов, вступление выглядит шаблонным (текст-заглушка), меньше 2 локальных вопросов, меньше 2 фактов о застройке"
/moskva/rajony/svibovo/;Район;"Натяжные потолки в районе Свиблово";"натяжные потолки в районе Свиблово";svao;нет;draft;2;geo;"требует наполнения: вступление короче 180 символов, вступление выглядит шаблонным (текст-заглушка), меньше 2 локальных вопросов, меньше 2 фактов о застройке"
/moskva/rajony/severnyj/;Район;"Натяжные потолки в районе Северный";"натяжные потолки в районе Северный";svao;нет;draft;2;geo;"требует наполнения: вступление короче 180 символов, вступление выглядит шаблонным (текст-заглушка), меньше 2 локальных вопросов, меньше 2 фактов о застройке"
/moskva/rajony/yaroslavskij/;Район;"Натяжные потолки в районе Ярославский";"натяжные потолки в районе Ярославский";svao;нет;draft;2;geo;"требует наполнения: вступление короче 180 символов, вступление выглядит шаблонным (текст-заглушка), меньше 2 локальных вопросов, меньше 2 фактов о застройке"
/moskva/rajony/bogorodskoe/;Район;"Натяжные потолки в районе Богородское";"натяжные потолки в районе Богородское";vao;нет;draft;2;geo;"требует наполнения: вступление короче 180 символов, вступление выглядит шаблонным (текст-заглушка), меньше 2 локальных вопросов, меньше 2 фактов о застройке"
/moskva/rajony/veshnyaki/;Район;"Натяжные потолки в районе Вешняки";"натяжные потолки в районе Вешняки";vao;нет;draft;2;geo;"требует наполнения: вступление короче 180 символов, вступление выглядит шаблонным (текст-заглушка), меньше 2 локальных вопросов, меньше 2 фактов о застройке"
/moskva/rajony/vostochnoe-izmajlovo/;Район;"Натяжные потолки в районе Восточное Измайлово";"натяжные потолки в районе Восточное Измайлово";vao;нет;draft;2;geo;"требует наполнения: вступление короче 180 символов, вступление выглядит шаблонным (текст-заглушка), меньше 2 локальных вопросов, меньше 2 фактов о застройке"
/moskva/rajony/golyanovo/;Район;"Натяжные потолки в районе Гольяново";"натяжные потолки в районе Гольяново";vao;нет;draft;2;geo;"требует наполнения: вступление короче 180 символов, вступление выглядит шаблонным (текст-заглушка), меньше 2 локальных вопросов, меньше 2 фактов о застройке"
/moskva/rajony/ivanovskoe/;Район;"Натяжные потолки в районе Ивановское";"натяжные потолки в районе Ивановское";vao;нет;draft;2;geo;"требует наполнения: вступление короче 180 символов, вступление выглядит шаблонным (текст-заглушка), меньше 2 локальных вопросов, меньше 2 фактов о застройке"
/moskva/rajony/izmajlovo/;Район;"Натяжные потолки в районе Измайлово";"натяжные потолки в районе Измайлово";vao;нет;draft;2;geo;"требует наполнения: вступление короче 180 символов, вступление выглядит шаблонным (текст-заглушка), меньше 2 локальных вопросов, меньше 2 фактов о застройке"
/moskva/rajony/kosino-uhtomskij/;Район;"Натяжные потолки в районе Косино-Ухтомский";"натяжные потолки в районе Косино-Ухтомский";vao;нет;draft;2;geo;"требует наполнения: вступление короче 180 символов, вступление выглядит шаблонным (текст-заглушка), меньше 2 локальных вопросов, меньше 2 фактов о застройке"
/moskva/rajony/metrogorodok/;Район;"Натяжные потолки в районе Метрогородок";"натяжные потолки в районе Метрогородок";vao;нет;draft;2;geo;"требует наполнения: вступление короче 180 символов, вступление выглядит шаблонным (текст-заглушка), меньше 2 локальных вопросов, меньше 2 фактов о застройке"
/moskva/rajony/novogireevo/;Район;"Натяжные потолки в районе Новогиреево";"натяжные потолки в районе Новогиреево";vao;нет;draft;2;geo;"требует наполнения: вступление короче 180 символов, вступление выглядит шаблонным (текст-заглушка), меньше 2 локальных вопросов, меньше 2 фактов о застройке"
/moskva/rajony/novokosino/;Район;"Натяжные потолки в районе Новокосино";"натяжные потолки в районе Новокосино";vao;нет;draft;2;geo;"требует наполнения: вступление короче 180 символов, вступление выглядит шаблонным (текст-заглушка), меньше 2 локальных вопросов, меньше 2 фактов о застройке"
/moskva/rajony/perovo/;Район;"Натяжные потолки в районе Перово";"натяжные потолки в районе Перово";vao;нет;draft;2;geo;"требует наполнения: вступление короче 180 символов, вступление выглядит шаблонным (текст-заглушка), меньше 2 локальных вопросов, меньше 2 фактов о застройке"
/moskva/rajony/preobrazhenskoe/;Район;"Натяжные потолки в районе Преображенское";"натяжные потолки в районе Преображенское";vao;нет;draft;2;geo;"требует наполнения: вступление короче 180 символов, вступление выглядит шаблонным (текст-заглушка), меньше 2 локальных вопросов, меньше 2 фактов о застройке"
/moskva/rajony/severnoe-izmajlovo/;Район;"Натяжные потолки в районе Северное Измайлово";"натяжные потолки в районе Северное Измайлово";vao;нет;draft;2;geo;"требует наполнения: вступление короче 180 символов, вступление выглядит шаблонным (текст-заглушка), меньше 2 локальных вопросов, меньше 2 фактов о застройке"
/moskva/rajony/sokolinaya-gora/;Район;"Натяжные потолки в районе Соколиная Гора";"натяжные потолки в районе Соколиная Гора";vao;нет;draft;2;geo;"требует наполнения: вступление короче 180 символов, вступление выглядит шаблонным (текст-заглушка), меньше 2 локальных вопросов, меньше 2 фактов о застройке"
/moskva/rajony/sokolniki/;Район;"Натяжные потолки в районе Сокольники";"натяжные потолки в районе Сокольники";vao;нет;draft;2;geo;"требует наполнения: вступление короче 180 символов, вступление выглядит шаблонным (текст-заглушка), меньше 2 локальных вопросов, меньше 2 фактов о застройке"
/moskva/rajony/vyhino-zhulebino/;Район;"Натяжные потолки в районе Выхино-Жулебино";"натяжные потолки в районе Выхино-Жулебино";yuvao;нет;draft;2;geo;"требует наполнения: вступление короче 180 символов, вступление выглядит шаблонным (текст-заглушка), меньше 2 локальных вопросов, меньше 2 фактов о застройке"
/moskva/rajony/kapotnya/;Район;"Натяжные потолки в районе Капотня";"натяжные потолки в районе Капотня";yuvao;нет;draft;2;geo;"требует наполнения: вступление короче 180 символов, вступление выглядит шаблонным (текст-заглушка), меньше 2 локальных вопросов, меньше 2 фактов о застройке"
/moskva/rajony/kuzminki/;Район;"Натяжные потолки в районе Кузьминки";"натяжные потолки в районе Кузьминки";yuvao;нет;draft;2;geo;"требует наполнения: вступление короче 180 символов, вступление выглядит шаблонным (текст-заглушка), меньше 2 локальных вопросов, меньше 2 фактов о застройке"
/moskva/rajony/lefortovo/;Район;"Натяжные потолки в районе Лефортово";"натяжные потолки в районе Лефортово";yuvao;нет;draft;2;geo;"требует наполнения: вступление короче 180 символов, вступление выглядит шаблонным (текст-заглушка), меньше 2 локальных вопросов, меньше 2 фактов о застройке"
/moskva/rajony/lyublino/;Район;"Натяжные потолки в районе Люблино";"натяжные потолки в районе Люблино";yuvao;нет;draft;2;geo;"требует наполнения: вступление короче 180 символов, вступление выглядит шаблонным (текст-заглушка), меньше 2 локальных вопросов, меньше 2 фактов о застройке"
/moskva/rajony/marino/;Район;"Натяжные потолки в районе Марьино";"натяжные потолки в районе Марьино";yuvao;нет;draft;2;geo;"требует наполнения: вступление короче 180 символов, вступление выглядит шаблонным (текст-заглушка), меньше 2 локальных вопросов, меньше 2 фактов о застройке"
/moskva/rajony/nekrasovka/;Район;"Натяжные потолки в районе Некрасовка";"натяжные потолки в районе Некрасовка";yuvao;нет;draft;2;geo;"требует наполнения: вступление короче 180 символов, вступление выглядит шаблонным (текст-заглушка), меньше 2 локальных вопросов, меньше 2 фактов о застройке"
/moskva/rajony/nizhegorodskij/;Район;"Натяжные потолки в районе Нижегородский";"натяжные потолки в районе Нижегородский";yuvao;нет;draft;2;geo;"требует наполнения: вступление короче 180 символов, вступление выглядит шаблонным (текст-заглушка), меньше 2 локальных вопросов, меньше 2 фактов о застройке"
/moskva/rajony/pechatniki/;Район;"Натяжные потолки в районе Печатники";"натяжные потолки в районе Печатники";yuvao;нет;draft;2;geo;"требует наполнения: вступление короче 180 символов, вступление выглядит шаблонным (текст-заглушка), меньше 2 локальных вопросов, меньше 2 фактов о застройке"
/moskva/rajony/ryazanskij/;Район;"Натяжные потолки в районе Рязанский";"натяжные потолки в районе Рязанский";yuvao;нет;draft;2;geo;"требует наполнения: вступление короче 180 символов, вступление выглядит шаблонным (текст-заглушка), меньше 2 локальных вопросов, меньше 2 фактов о застройке"
/moskva/rajony/tekstilshchiki/;Район;"Натяжные потолки в районе Текстильщики";"натяжные потолки в районе Текстильщики";yuvao;нет;draft;2;geo;"требует наполнения: вступление короче 180 символов, вступление выглядит шаблонным (текст-заглушка), меньше 2 локальных вопросов, меньше 2 фактов о застройке"
/moskva/rajony/yuzhnoportovyj/;Район;"Натяжные потолки в районе Южнопортовый";"натяжные потолки в районе Южнопортовый";yuvao;нет;draft;2;geo;"требует наполнения: вступление короче 180 символов, вступление выглядит шаблонным (текст-заглушка), меньше 2 локальных вопросов, меньше 2 фактов о застройке"
/moskva/rajony/vostochnoe-biryulyovo/;Район;"Натяжные потолки в районе Восточное Бирюлёво";"натяжные потолки в районе Восточное Бирюлёво";yuao;нет;draft;2;geo;"требует наполнения: вступление короче 180 символов, вступление выглядит шаблонным (текст-заглушка), меньше 2 локальных вопросов, меньше 2 фактов о застройке"
/moskva/rajony/zapadnoe-biryulyovo/;Район;"Натяжные потолки в районе Западное Бирюлёво";"натяжные потолки в районе Западное Бирюлёво";yuao;нет;draft;2;geo;"требует наполнения: вступление короче 180 символов, вступление выглядит шаблонным (текст-заглушка), меньше 2 локальных вопросов, меньше 2 фактов о застройке"
/moskva/rajony/brateevo/;Район;"Натяжные потолки в районе Братеево";"натяжные потолки в районе Братеево";yuao;нет;draft;2;geo;"требует наполнения: вступление короче 180 символов, вступление выглядит шаблонным (текст-заглушка), меньше 2 локальных вопросов, меньше 2 фактов о застройке"
/moskva/rajony/danilovskij/;Район;"Натяжные потолки в районе Даниловский";"натяжные потолки в районе Даниловский";yuao;нет;draft;2;geo;"требует наполнения: вступление короче 180 символов, вступление выглядит шаблонным (текст-заглушка), меньше 2 локальных вопросов, меньше 2 фактов о застройке"
/moskva/rajony/donskoj/;Район;"Натяжные потолки в районе Донской";"натяжные потолки в районе Донской";yuao;нет;draft;2;geo;"требует наполнения: вступление короче 180 символов, вступление выглядит шаблонным (текст-заглушка), меньше 2 локальных вопросов, меньше 2 фактов о застройке"
/moskva/rajony/zyablikovo/;Район;"Натяжные потолки в районе Зябликово";"натяжные потолки в районе Зябликово";yuao;нет;draft;2;geo;"требует наполнения: вступление короче 180 символов, вступление выглядит шаблонным (текст-заглушка), меньше 2 локальных вопросов, меньше 2 фактов о застройке"
/moskva/rajony/moskvoreche-saburovo/;Район;"Натяжные потолки в районе Москворечье-Сабурово";"натяжные потолки в районе Москворечье-Сабурово";yuao;нет;draft;2;geo;"требует наполнения: вступление короче 180 символов, вступление выглядит шаблонным (текст-заглушка), меньше 2 локальных вопросов, меньше 2 фактов о застройке"
/moskva/rajony/nagatino-sadovniki/;Район;"Натяжные потолки в районе Нагатино-Садовники";"натяжные потолки в районе Нагатино-Садовники";yuao;нет;draft;2;geo;"требует наполнения: вступление короче 180 символов, вступление выглядит шаблонным (текст-заглушка), меньше 2 локальных вопросов, меньше 2 фактов о застройке"
/moskva/rajony/nagatinskij-zaton/;Район;"Натяжные потолки в районе Нагатинский Затон";"натяжные потолки в районе Нагатинский Затон";yuao;нет;draft;2;geo;"требует наполнения: вступление короче 180 символов, вступление выглядит шаблонным (текст-заглушка), меньше 2 локальных вопросов, меньше 2 фактов о застройке"
/moskva/rajony/nagornyj/;Район;"Натяжные потолки в районе Нагорный";"натяжные потолки в районе Нагорный";yuao;нет;draft;2;geo;"требует наполнения: вступление короче 180 символов, вступление выглядит шаблонным (текст-заглушка), меньше 2 локальных вопросов, меньше 2 фактов о застройке"
/moskva/rajony/orehovo-borisovo-sev/;Район;"Натяжные потолки в районе Орехово-Борисово Северное";"натяжные потолки в районе Орехово-Борисово Северное";yuao;нет;draft;2;geo;"требует наполнения: вступление короче 180 символов, вступление выглядит шаблонным (текст-заглушка), меньше 2 локальных вопросов, меньше 2 фактов о застройке"
/moskva/rajony/orehovo-borisovo-yuzh/;Район;"Натяжные потолки в районе Орехово-Борисово Южное";"натяжные потолки в районе Орехово-Борисово Южное";yuao;нет;draft;2;geo;"требует наполнения: вступление короче 180 символов, вступление выглядит шаблонным (текст-заглушка), меньше 2 локальных вопросов, меньше 2 фактов о застройке"
/moskva/rajony/caricyno/;Район;"Натяжные потолки в районе Царицыно";"натяжные потолки в районе Царицыно";yuao;нет;draft;2;geo;"требует наполнения: вступление короче 180 символов, вступление выглядит шаблонным (текст-заглушка), меньше 2 локальных вопросов, меньше 2 фактов о застройке"
/moskva/rajony/chertanovo-severnoe/;Район;"Натяжные потолки в районе Чертаново Северное";"натяжные потолки в районе Чертаново Северное";yuao;нет;draft;2;geo;"требует наполнения: вступление короче 180 символов, вступление выглядит шаблонным (текст-заглушка), меньше 2 локальных вопросов, меньше 2 фактов о застройке"
/moskva/rajony/chertanovo-centralnoe/;Район;"Натяжные потолки в районе Чертаново Центральное";"натяжные потолки в районе Чертаново Центральное";yuao;нет;draft;2;geo;"требует наполнения: вступление короче 180 символов, вступление выглядит шаблонным (текст-заглушка), меньше 2 локальных вопросов, меньше 2 фактов о застройке"
/moskva/rajony/chertanovo-yuzhnoe/;Район;"Натяжные потолки в районе Чертаново Южное";"натяжные потолки в районе Чертаново Южное";yuao;нет;draft;2;geo;"требует наполнения: вступление короче 180 символов, вступление выглядит шаблонным (текст-заглушка), меньше 2 локальных вопросов, меньше 2 фактов о застройке"
/moskva/rajony/akademicheskij/;Район;"Натяжные потолки в районе Академический";"натяжные потолки в районе Академический";yuzao;нет;draft;2;geo;"требует наполнения: вступление короче 180 символов, вступление выглядит шаблонным (текст-заглушка), меньше 2 локальных вопросов, меньше 2 фактов о застройке"
/moskva/rajony/gagarinskij/;Район;"Натяжные потолки в районе Гагаринский";"натяжные потолки в районе Гагаринский";yuzao;нет;draft;2;geo;"требует наполнения: вступление короче 180 символов, вступление выглядит шаблонным (текст-заглушка), меньше 2 локальных вопросов, меньше 2 фактов о застройке"
/moskva/rajony/zyuzino/;Район;"Натяжные потолки в районе Зюзино";"натяжные потолки в районе Зюзино";yuzao;нет;draft;2;geo;"требует наполнения: вступление короче 180 символов, вступление выглядит шаблонным (текст-заглушка), меньше 2 локальных вопросов, меньше 2 фактов о застройке"
/moskva/rajony/konkovo/;Район;"Натяжные потолки в районе Коньково";"натяжные потолки в районе Коньково";yuzao;нет;draft;2;geo;"требует наполнения: вступление короче 180 символов, вступление выглядит шаблонным (текст-заглушка), меньше 2 локальных вопросов, меньше 2 фактов о застройке"
/moskva/rajony/kotlovka/;Район;"Натяжные потолки в районе Котловка";"натяжные потолки в районе Котловка";yuzao;нет;draft;2;geo;"требует наполнения: вступление короче 180 символов, вступление выглядит шаблонным (текст-заглушка), меньше 2 локальных вопросов, меньше 2 фактов о застройке"
/moskva/rajony/lomonosovskij/;Район;"Натяжные потолки в районе Ломоносовский";"натяжные потолки в районе Ломоносовский";yuzao;нет;draft;2;geo;"требует наполнения: вступление короче 180 символов, вступление выглядит шаблонным (текст-заглушка), меньше 2 локальных вопросов, меньше 2 фактов о застройке"
/moskva/rajony/obruchevskij/;Район;"Натяжные потолки в районе Обручевский";"натяжные потолки в районе Обручевский";yuzao;нет;draft;2;geo;"требует наполнения: вступление короче 180 символов, вступление выглядит шаблонным (текст-заглушка), меньше 2 локальных вопросов, меньше 2 фактов о застройке"
/moskva/rajony/severnoe-butovo/;Район;"Натяжные потолки в районе Северное Бутово";"натяжные потолки в районе Северное Бутово";yuzao;нет;draft;2;geo;"требует наполнения: вступление короче 180 символов, вступление выглядит шаблонным (текст-заглушка), меньше 2 локальных вопросов, меньше 2 фактов о застройке"
/moskva/rajony/tyoplyj-stan/;Район;"Натяжные потолки в районе Тёплый Стан";"натяжные потолки в районе Тёплый Стан";yuzao;нет;draft;2;geo;"требует наполнения: вступление короче 180 символов, вступление выглядит шаблонным (текст-заглушка), меньше 2 локальных вопросов, меньше 2 фактов о застройке"
/moskva/rajony/cheryomushki/;Район;"Натяжные потолки в районе Черёмушки";"натяжные потолки в районе Черёмушки";yuzao;нет;draft;2;geo;"требует наполнения: вступление короче 180 символов, вступление выглядит шаблонным (текст-заглушка), меньше 2 локальных вопросов, меньше 2 фактов о застройке"
/moskva/rajony/yuzhnoe-butovo/;Район;"Натяжные потолки в районе Южное Бутово";"натяжные потолки в районе Южное Бутово";yuzao;нет;draft;2;geo;"требует наполнения: вступление короче 180 символов, вступление выглядит шаблонным (текст-заглушка), меньше 2 локальных вопросов, меньше 2 фактов о застройке"
/moskva/rajony/yasenevo/;Район;"Натяжные потолки в районе Ясенево";"натяжные потолки в районе Ясенево";yuzao;нет;draft;2;geo;"требует наполнения: вступление короче 180 символов, вступление выглядит шаблонным (текст-заглушка), меньше 2 локальных вопросов, меньше 2 фактов о застройке"
/moskva/rajony/vnukovo/;Район;"Натяжные потолки в районе Внуково";"натяжные потолки в районе Внуково";zao;нет;draft;2;geo;"требует наполнения: вступление короче 180 символов, вступление выглядит шаблонным (текст-заглушка), меньше 2 локальных вопросов, меньше 2 фактов о застройке"
/moskva/rajony/dorogomilovo/;Район;"Натяжные потолки в районе Дорогомилово";"натяжные потолки в районе Дорогомилово";zao;нет;draft;2;geo;"требует наполнения: вступление короче 180 символов, вступление выглядит шаблонным (текст-заглушка), меньше 2 локальных вопросов, меньше 2 фактов о застройке"
/moskva/rajony/krylatskoe/;Район;"Натяжные потолки в районе Крылатское";"натяжные потолки в районе Крылатское";zao;нет;draft;2;geo;"требует наполнения: вступление короче 180 символов, вступление выглядит шаблонным (текст-заглушка), меньше 2 локальных вопросов, меньше 2 фактов о застройке"
/moskva/rajony/kuncevo/;Район;"Натяжные потолки в районе Кунцево";"натяжные потолки в районе Кунцево";zao;нет;draft;2;geo;"требует наполнения: вступление короче 180 символов, вступление выглядит шаблонным (текст-заглушка), меньше 2 локальных вопросов, меньше 2 фактов о застройке"
/moskva/rajony/mozhajskij/;Район;"Натяжные потолки в районе Можайский";"натяжные потолки в районе Можайский";zao;нет;draft;2;geo;"требует наполнения: вступление короче 180 символов, вступление выглядит шаблонным (текст-заглушка), меньше 2 локальных вопросов, меньше 2 фактов о застройке"
/moskva/rajony/novo-peredelkino/;Район;"Натяжные потолки в районе Ново-Переделкино";"натяжные потолки в районе Ново-Переделкино";zao;нет;draft;2;geo;"требует наполнения: вступление короче 180 символов, вступление выглядит шаблонным (текст-заглушка), меньше 2 локальных вопросов, меньше 2 фактов о застройке"
/moskva/rajony/ochakovo-matveevskoe/;Район;"Натяжные потолки в районе Очаково-Матвеевское";"натяжные потолки в районе Очаково-Матвеевское";zao;нет;draft;2;geo;"требует наполнения: вступление короче 180 символов, вступление выглядит шаблонным (текст-заглушка), меньше 2 локальных вопросов, меньше 2 фактов о застройке"
/moskva/rajony/prospekt-vernadskogo/;Район;"Натяжные потолки в районе Проспект Вернадского";"натяжные потолки в районе Проспект Вернадского";zao;нет;draft;2;geo;"требует наполнения: вступление короче 180 символов, вступление выглядит шаблонным (текст-заглушка), меньше 2 локальных вопросов, меньше 2 фактов о застройке"
/moskva/rajony/ramenki/;Район;"Натяжные потолки в районе Раменки";"натяжные потолки в районе Раменки";zao;нет;draft;2;geo;"требует наполнения: вступление короче 180 символов, вступление выглядит шаблонным (текст-заглушка), меньше 2 локальных вопросов, меньше 2 фактов о застройке"
/moskva/rajony/solncevo/;Район;"Натяжные потолки в районе Солнцево";"натяжные потолки в районе Солнцево";zao;нет;draft;2;geo;"требует наполнения: вступление короче 180 символов, вступление выглядит шаблонным (текст-заглушка), меньше 2 локальных вопросов, меньше 2 фактов о застройке"
/moskva/rajony/troparyovo-nikulino/;Район;"Натяжные потолки в районе Тропарёво-Никулино";"натяжные потолки в районе Тропарёво-Никулино";zao;нет;draft;2;geo;"требует наполнения: вступление короче 180 символов, вступление выглядит шаблонным (текст-заглушка), меньше 2 локальных вопросов, меньше 2 фактов о застройке"
/moskva/rajony/filyovskij-park/;Район;"Натяжные потолки в районе Филёвский Парк";"натяжные потолки в районе Филёвский Парк";zao;нет;draft;2;geo;"требует наполнения: вступление короче 180 символов, вступление выглядит шаблонным (текст-заглушка), меньше 2 локальных вопросов, меньше 2 фактов о застройке"
/moskva/rajony/fili-davydkovo/;Район;"Натяжные потолки в районе Фили-Давыдково";"натяжные потолки в районе Фили-Давыдково";zao;нет;draft;2;geo;"требует наполнения: вступление короче 180 символов, вступление выглядит шаблонным (текст-заглушка), меньше 2 локальных вопросов, меньше 2 фактов о застройке"
/moskva/rajony/kurkino/;Район;"Натяжные потолки в районе Куркино";"натяжные потолки в районе Куркино";szao;нет;draft;2;geo;"требует наполнения: вступление короче 180 символов, вступление выглядит шаблонным (текст-заглушка), меньше 2 локальных вопросов, меньше 2 фактов о застройке"
/moskva/rajony/mitino/;Район;"Натяжные потолки в районе Митино";"натяжные потолки в районе Митино";szao;нет;draft;2;geo;"требует наполнения: вступление короче 180 символов, вступление выглядит шаблонным (текст-заглушка), меньше 2 локальных вопросов, меньше 2 фактов о застройке"
/moskva/rajony/pokrovskoe-streshnevo/;Район;"Натяжные потолки в районе Покровское-Стрешнево";"натяжные потолки в районе Покровское-Стрешнево";szao;нет;draft;2;geo;"требует наполнения: вступление короче 180 символов, вступление выглядит шаблонным (текст-заглушка), меньше 2 локальных вопросов, меньше 2 фактов о застройке"
/moskva/rajony/severnoe-tushino/;Район;"Натяжные потолки в районе Северное Тушино";"натяжные потолки в районе Северное Тушино";szao;нет;draft;2;geo;"требует наполнения: вступление короче 180 символов, вступление выглядит шаблонным (текст-заглушка), меньше 2 локальных вопросов, меньше 2 фактов о застройке"
/moskva/rajony/strogino/;Район;"Натяжные потолки в районе Строгино";"натяжные потолки в районе Строгино";szao;нет;draft;2;geo;"требует наполнения: вступление короче 180 символов, вступление выглядит шаблонным (текст-заглушка), меньше 2 локальных вопросов, меньше 2 фактов о застройке"
/moskva/rajony/horoshyovo-mnyovniki/;Район;"Натяжные потолки в районе Хорошёво-Мнёвники";"натяжные потолки в районе Хорошёво-Мнёвники";szao;нет;draft;2;geo;"требует наполнения: вступление короче 180 символов, вступление выглядит шаблонным (текст-заглушка), меньше 2 локальных вопросов, меньше 2 фактов о застройке"
/moskva/rajony/shchukino/;Район;"Натяжные потолки в районе Щукино";"натяжные потолки в районе Щукино";szao;нет;draft;2;geo;"требует наполнения: вступление короче 180 символов, вступление выглядит шаблонным (текст-заглушка), меньше 2 локальных вопросов, меньше 2 фактов о застройке"
/moskva/rajony/yuzhnoe-tushino/;Район;"Натяжные потолки в районе Южное Тушино";"натяжные потолки в районе Южное Тушино";szao;нет;draft;2;geo;"требует наполнения: вступление короче 180 символов, вступление выглядит шаблонным (текст-заглушка), меньше 2 локальных вопросов, меньше 2 фактов о застройке"
/moskovskaya-oblast/goroda/himki/;"Город области";"Натяжные потолки в Химках";"натяжные потолки в Химках";moskovskaya-oblast;да;published;1;geo;
/moskovskaya-oblast/goroda/mytishchi/;"Город области";"Натяжные потолки в Мытищах";"натяжные потолки в Мытищах";moskovskaya-oblast;да;published;1;geo;
/moskovskaya-oblast/goroda/balashiha/;"Город области";"Натяжные потолки в Балашихе";"натяжные потолки в Балашихе";moskovskaya-oblast;да;published;1;geo;
/moskovskaya-oblast/goroda/krasnogorsk/;"Город области";"Натяжные потолки в Красногорске";"натяжные потолки в Красногорске";moskovskaya-oblast;да;published;1;geo;
/moskovskaya-oblast/goroda/odincovo/;"Город области";"Натяжные потолки в Одинцове";"натяжные потолки в Одинцове";moskovskaya-oblast;да;published;1;geo;
/moskovskaya-oblast/goroda/lyubercy/;"Город области";"Натяжные потолки в Люберцах";"натяжные потолки в Люберцах";moskovskaya-oblast;да;published;1;geo;
/moskovskaya-oblast/goroda/korolev/;"Город области";"Натяжные потолки в Королёве";"натяжные потолки в Королёве";moskovskaya-oblast;да;published;1;geo;
/moskovskaya-oblast/goroda/podolsk/;"Город области";"Натяжные потолки в Подольске";"натяжные потолки в Подольске";moskovskaya-oblast;да;published;1;geo;
/moskovskaya-oblast/goroda/domodedovo/;"Город области";"Натяжные потолки в Домодедове";"натяжные потолки в Домодедове";moskovskaya-oblast;да;published;1;geo;
/moskovskaya-oblast/goroda/reutov/;"Город области";"Натяжные потолки в Реутове";"натяжные потолки в Реутове";moskovskaya-oblast;да;published;1;geo;
/moskovskaya-oblast/goroda/dolgoprudnyj/;"Город области";"Натяжные потолки в Долгопрудном";"натяжные потолки в Долгопрудном";moskovskaya-oblast;да;published;1;geo;
/moskovskaya-oblast/goroda/shchelkovo/;"Город области";"Натяжные потолки в Щёлкове";"натяжные потолки в Щёлкове";moskovskaya-oblast;да;published;1;geo;
/moskovskaya-oblast/goroda/pushkino/;"Город области";"Натяжные потолки в Пушкине";"натяжные потолки в Пушкине";moskovskaya-oblast;да;published;1;geo;
/moskovskaya-oblast/goroda/vidnoe/;"Город области";"Натяжные потолки в Видном";"натяжные потолки в Видном";moskovskaya-oblast;да;published;1;geo;
/moskovskaya-oblast/goroda/ramenskoe/;"Город области";"Натяжные потолки в Раменском";"натяжные потолки в Раменском";moskovskaya-oblast;да;published;1;geo;
/moskovskaya-oblast/goroda/lobnya/;"Город области";"Натяжные потолки в Лобне";"натяжные потолки в Лобне";moskovskaya-oblast;нет;draft;2;geo;"требует наполнения: вступление короче 180 символов, вступление выглядит шаблонным (текст-заглушка), меньше 2 локальных вопросов, меньше 2 фактов о застройке"
/moskovskaya-oblast/goroda/kotelniki/;"Город области";"Натяжные потолки в Котельниках";"натяжные потолки в Котельниках";moskovskaya-oblast;нет;draft;2;geo;"требует наполнения: вступление короче 180 символов, вступление выглядит шаблонным (текст-заглушка), меньше 2 локальных вопросов, меньше 2 фактов о застройке"
/moskovskaya-oblast/goroda/dzerzhinskij/;"Город области";"Натяжные потолки в Дзержинском";"натяжные потолки в Дзержинском";moskovskaya-oblast;нет;draft;2;geo;"требует наполнения: вступление короче 180 символов, вступление выглядит шаблонным (текст-заглушка), меньше 2 локальных вопросов, меньше 2 фактов о застройке"
/moskovskaya-oblast/goroda/lytkarino/;"Город области";"Натяжные потолки в Лыткарине";"натяжные потолки в Лыткарине";moskovskaya-oblast;нет;draft;2;geo;"требует наполнения: вступление короче 180 символов, вступление выглядит шаблонным (текст-заглушка), меньше 2 локальных вопросов, меньше 2 фактов о застройке"
/moskovskaya-oblast/goroda/zhukovskij/;"Город области";"Натяжные потолки в Жуковском";"натяжные потолки в Жуковском";moskovskaya-oblast;нет;draft;2;geo;"требует наполнения: вступление короче 180 символов, вступление выглядит шаблонным (текст-заглушка), меньше 2 локальных вопросов, меньше 2 фактов о застройке"
/moskovskaya-oblast/goroda/ivanteevka/;"Город области";"Натяжные потолки в Ивантеевке";"натяжные потолки в Ивантеевке";moskovskaya-oblast;нет;draft;2;geo;"требует наполнения: вступление короче 180 символов, вступление выглядит шаблонным (текст-заглушка), меньше 2 локальных вопросов, меньше 2 фактов о застройке"
/moskovskaya-oblast/goroda/fryazino/;"Город области";"Натяжные потолки во Фрязине";"натяжные потолки во Фрязине";moskovskaya-oblast;нет;draft;2;geo;"требует наполнения: вступление короче 180 символов, вступление выглядит шаблонным (текст-заглушка), меньше 2 локальных вопросов, меньше 2 фактов о застройке"
/moskovskaya-oblast/goroda/noginsk/;"Город области";"Натяжные потолки в Ногинске";"натяжные потолки в Ногинске";moskovskaya-oblast;нет;draft;2;geo;"требует наполнения: вступление короче 180 символов, вступление выглядит шаблонным (текст-заглушка), меньше 2 локальных вопросов, меньше 2 фактов о застройке"
/moskovskaya-oblast/goroda/elektrostal/;"Город области";"Натяжные потолки в Электростали";"натяжные потолки в Электростали";moskovskaya-oblast;нет;draft;2;geo;"требует наполнения: вступление короче 180 символов, вступление выглядит шаблонным (текст-заглушка), меньше 2 локальных вопросов, меньше 2 фактов о застройке"
/moskovskaya-oblast/goroda/chehov/;"Город области";"Натяжные потолки в Чехове";"натяжные потолки в Чехове";moskovskaya-oblast;нет;draft;2;geo;"требует наполнения: вступление короче 180 символов, вступление выглядит шаблонным (текст-заглушка), меньше 2 локальных вопросов, меньше 2 фактов о застройке"
/moskovskaya-oblast/goroda/istra/;"Город области";"Натяжные потолки в Истре";"натяжные потолки в Истре";moskovskaya-oblast;нет;draft;2;geo;"требует наполнения: вступление короче 180 символов, вступление выглядит шаблонным (текст-заглушка), меньше 2 локальных вопросов, меньше 2 фактов о застройке"
/moskovskaya-oblast/goroda/solnechnogorsk/;"Город области";"Натяжные потолки в Солнечногорске";"натяжные потолки в Солнечногорске";moskovskaya-oblast;нет;draft;2;geo;"требует наполнения: вступление короче 180 символов, вступление выглядит шаблонным (текст-заглушка), меньше 2 локальных вопросов, меньше 2 фактов о застройке"
/moskovskaya-oblast/goroda/naro-fominsk/;"Город области";"Натяжные потолки в Наро-Фоминске";"натяжные потолки в Наро-Фоминске";moskovskaya-oblast;нет;draft;2;geo;"требует наполнения: вступление короче 180 символов, вступление выглядит шаблонным (текст-заглушка), меньше 2 локальных вопросов, меньше 2 фактов о застройке"
/moskovskaya-oblast/goroda/dmitrov/;"Город области";"Натяжные потолки в Дмитрове";"натяжные потолки в Дмитрове";moskovskaya-oblast;нет;draft;2;geo;"требует наполнения: вступление короче 180 символов, вступление выглядит шаблонным (текст-заглушка), меньше 2 локальных вопросов, меньше 2 фактов о застройке"
/moskovskaya-oblast/goroda/sergiev-posad/;"Город области";"Натяжные потолки в Сергиевом Посаде";"натяжные потолки в Сергиевом Посаде";moskovskaya-oblast;нет;draft;2;geo;"требует наполнения: вступление короче 180 символов, вступление выглядит шаблонным (текст-заглушка), меньше 2 локальных вопросов, меньше 2 фактов о застройке"
/moskovskaya-oblast/goroda/klin/;"Город области";"Натяжные потолки в Клину";"натяжные потолки в Клину";moskovskaya-oblast;нет;draft;2;geo;"требует наполнения: вступление короче 180 символов, вступление выглядит шаблонным (текст-заглушка), меньше 2 локальных вопросов, меньше 2 фактов о застройке"
/moskovskaya-oblast/goroda/zvenigorod/;"Город области";"Натяжные потолки в Звенигороде";"натяжные потолки в Звенигороде";moskovskaya-oblast;нет;draft;2;geo;"требует наполнения: вступление короче 180 символов, вступление выглядит шаблонным (текст-заглушка), меньше 2 локальных вопросов, меньше 2 фактов о застройке"
/moskovskaya-oblast/goroda/aprelevka/;"Город области";"Натяжные потолки в Апрелевке";"натяжные потолки в Апрелевке";moskovskaya-oblast;нет;draft;2;geo;"требует наполнения: вступление короче 180 символов, вступление выглядит шаблонным (текст-заглушка), меньше 2 локальных вопросов, меньше 2 фактов о застройке"
/moskovskaya-oblast/goroda/serpuhov/;"Город области";"Натяжные потолки в Серпухове";"натяжные потолки в Серпухове";moskovskaya-oblast;нет;draft;2;geo;"требует наполнения: вступление короче 180 символов, вступление выглядит шаблонным (текст-заглушка), меньше 2 локальных вопросов, меньше 2 фактов о застройке"
/moskovskaya-oblast/goroda/kolomna/;"Город области";"Натяжные потолки в Коломне";"натяжные потолки в Коломне";moskovskaya-oblast;нет;draft;2;geo;"требует наполнения: вступление короче 180 символов, вступление выглядит шаблонным (текст-заглушка), меньше 2 локальных вопросов, меньше 2 фактов о застройке"
/legal/privacy-policy/;Документ;"Политика в отношении обработки персональных данных";;;нет;draft;;legal;"закрыта от индексации"
/legal/personal-data-consent/;Документ;"Согласие на обработку персональных данных";;;нет;draft;;legal;"закрыта от индексации"
/legal/advertising-consent/;Документ;"Согласие на получение рекламных сообщений";;;нет;draft;;legal;"закрыта от индексации"
/legal/cookie-policy/;Документ;"Политика использования файлов cookie";;;нет;draft;;legal;"закрыта от индексации"
/legal/user-agreement/;Документ;"Пользовательское соглашение";;;нет;draft;;legal;"закрыта от индексации"
/legal/requisites/;Документ;Реквизиты;;;нет;draft;;legal;"закрыта от индексации"
/legal/review-publication-consent/;Документ;"Согласие на публикацию отзыва";;;нет;draft;;legal;"закрыта от индексации"
